,WC1,WC2,WC3,WC4,WC5,WC6,WC7,WC8,WC9
G1,0.4875,0.45625,0.425,0.36875,0.45,0.41875,0.35,0.38125,0.3125
G2,0.375,0.4625,0.4,0.34375,0.41875,0.41875,0.3875,0.4,0.46875
G3,0.4,0.4,0.4625,0.3625,0.45625,0.4375,0.35625,0.375,0.4
G4,0.40625,0.4125,0.34375,0.4875,0.3875,0.4125,0.4375,0.4125,0.39375
G5,0.41875,0.4,0.4875,0.375,0.4,0.4375,0.4125,0.41875,0.40625
G6,0.375,0.375,0.34375,0.44375,0.43125,0.45625,0.39375,0.40625,0.4
G7,0.38125,0.35625,0.40625,0.3375,0.4,0.325,0.41875,0.4,0.425
G8,0.39375,0.38125,0.325,0.425,0.41875,0.36875,0.4375,0.40625,0.3625
